eugene-v-debs	add activity: Industrial Workers of the World (international-iww) founding role 1905
george-padmore	add activity: International African Service Bureau (IASB) / organiser of the 1945 Pan-African Congress
grace-lee-boggs	add party activities: Workers Party and Socialist Workers Party (US) memberships
georgios-papandreou	check existing party activity relation: membership should be service if he led the party
georgy-arbatov	add activity: Russian Federation (russia-federation) institute post 1991–1995
nikolai-skoblin	add activity: Soviet intelligence (OGPU/NKVD) agent, security function, state-soviet, from 1930
apostolos-santas	add activity: ELAS service from 1943
andrey-vlasov	add activity: Russian Liberation Army (ROA), military
ahmad-shah-massoud	add activity: Defence Minister of the Islamic State of Afghanistan 1992–1996 (state-afghanistan)
vaclav-havel	add activity: President of Czechoslovakia / Czech Republic (government)
vladimir-burtsev	add party activity: Narodnaya Volya membership
stefan-staszewski	add activity: Communist Party of Poland Central Committee secretariat 1930–1932
vladimir-purishkevich	add activity: Union of the Archangel Michael (founder/leader)
walter-rodney	add activity: Working People's Alliance (Guyana)
son-sann	add activity: prime minister of the Coalition Government of Democratic Kampuchea (state-democratic-kampuchea)
yuri-afanasyev	add activity: rector of the Russian State University for the Humanities 1991–2003 (russia-federation)
michal-kalecki	add activity: UN and Polish government economic posts
nikolai-sokolov	add activity: legal adviser to the social-democratic Duma faction 1909–1910
pyotr-kropotkin	add activity: Jura Federation organizing
brazauskas	add party activity: Social Democratic Party of Lithuania chairman 2001–2007
